[  {    "type": "GET, PUT, DELETE",    "url": "/classifies/[:id]",    "title": "",    "name": "Get_Update_Delete",    "group": "Classifies",    "parameter": {      "fields": {        "Parameter": [          {            "group": "Parameter",            "type": "Number",            "optional": false,            "field": "id",            "description": "<p>classify unique ID.</p>"          }        ]      }    },    "version": "0.0.0",    "filename": "server/dao/classifyDao.js",    "groupTitle": "Classifies"  },  {    "type": "POST",    "url": "/classifies",    "title": "",    "name": "POST",    "group": "Classifies",    "parameter": {      "examples": [        {          "title": "Request Example",          "content": "POST /api/classifies/\n{\n    name: \"test\",\n    en_name: \"test\",\n    image_url: \"/upload/images/bg_s_r.png\"\n}",          "type": "json"        }      ]    },    "version": "0.0.0",    "filename": "server/dao/classifyDao.js",    "groupTitle": "Classifies"  },  {    "type": "GET, PUT, DELETE",    "url": "/design/[:id]",    "title": "",    "name": "Get_Update_Delete",    "group": "Design",    "parameter": {      "fields": {        "Parameter": [          {            "group": "Parameter",            "type": "Number",            "optional": false,            "field": "id",            "description": "<p>design unique ID.</p>"          }        ]      }    },    "version": "0.0.0",    "filename": "server/dao/designDao.js",    "groupTitle": "Design"  },  {    "type": "POST",    "url": "/design",    "title": "",    "name": "POST",    "group": "Design",    "parameter": {      "examples": [        {          "title": "Request Example",          "content": "POST /api/design/\n{\n   list: [\n     {product_id: 65, sort: 3},\n     {product_id: 67, sort: 4},\n   ]\n}",          "type": "json"        }      ]    },    "version": "0.0.0",    "filename": "server/dao/designDao.js",    "groupTitle": "Design"  },  {    "type": "GET, PUT, DELETE",    "url": "/news/[:id]",    "title": "",    "name": "Get_Update_Delete",    "group": "News",    "parameter": {      "fields": {        "Parameter": [          {            "group": "Parameter",            "type": "Number",            "optional": false,            "field": "id",            "description": "<p>news unique ID.</p>"          }        ]      }    },    "version": "0.0.0",    "filename": "server/dao/newsDao.js",    "groupTitle": "News"  },  {    "type": "POST",    "url": "/news",    "title": "",    "name": "POST",    "group": "News",    "parameter": {      "examples": [        {          "title": "Request Example",          "content": "POST /api/news/\n{\n  content:\"<h1>标题</h1><h2>标题小呵呵</h2><p>正文</p><p><img src=\"http://admin.cigem.com.cn/upload/images/17375797081011046.png\" alt=\"di_16\" style=\"max-width: 100%;\"></p><p>美不美！你就说美不美！惊不惊喜！意不意外！</p><p><br></p>\",\n  en_title:\"wotianjiayigexinwenshishi\",\n  id:1,\n  image_url:\"/upload/images/demo-prodect.jpg\",\n  image_url_mini:\"/upload/images/product_mini.png\",\n  sort:1,\n  status:1,\n  title:\"我添加一个新闻试试\"\n}",          "type": "json"        }      ]    },    "version": "0.0.0",    "filename": "server/dao/newsDao.js",    "groupTitle": "News"  },  {    "type": "GET, PUT, DELETE",    "url": "/order/[:id]",    "title": "",    "name": "Get_Update_Delete",    "group": "Order",    "parameter": {      "fields": {        "Parameter": [          {            "group": "Parameter",            "type": "Number",            "optional": false,            "field": "id",            "description": "<p>order unique ID.</p>"          }        ]      }    },    "version": "0.0.0",    "filename": "server/dao/orderDao.js",    "groupTitle": "Order"  },  {    "type": "POST",    "url": "/order",    "title": "",    "name": "POST",    "group": "Order",    "parameter": {      "examples": [        {          "title": "Request Example",          "content": "POST /api/order/\n{\n    date:\"2017-09-21\",\n    phone:\"17710133830\",\n    time_type: [1, 2],\n    username:\"test\"\n}",          "type": "json"        }      ]    },    "version": "0.0.0",    "filename": "server/dao/orderDao.js",    "groupTitle": "Order"  },  {    "type": "GET, PUT, DELETE",    "url": "/products/[:id]",    "title": "",    "name": "Get_Update_Delete",    "group": "Products",    "parameter": {      "fields": {        "Parameter": [          {            "group": "Parameter",            "type": "Number",            "optional": false,            "field": "id",            "description": "<p>products unique ID.</p>"          }        ]      }    },    "version": "0.0.0",    "filename": "server/dao/productDao.js",    "groupTitle": "Products"  },  {    "type": "POST",    "url": "/products",    "title": "",    "name": "POST",    "group": "Products",    "parameter": {      "examples": [        {          "title": "Request Example",          "content": "POST /api/products/\n{\n    classif: \"\",\n    description: \"产品描述产品描述产品描述产品描述\",\n    description_en: \"product-des\",\n    en_name: \"product\",\n    id:56,\n    image_url: \"/upload/images/demo-prodect.jpg\",\n    image_url_mini: \"/upload/images/di_1.png\",\n    name:\"产品\",\n    series:\"\",\n    status:1,\n    wearing_method:\"11\"\n}",          "type": "json"        }      ]    },    "version": "0.0.0",    "filename": "server/dao/productDao.js",    "groupTitle": "Products"  },  {    "type": "GET, PUT, DELETE",    "url": "/recommends/[:id]",    "title": "",    "name": "Get_Update_Delete",    "group": "Recommends",    "parameter": {      "fields": {        "Parameter": [          {            "group": "Parameter",            "type": "Number",            "optional": false,            "field": "id",            "description": "<p>recommends unique ID.</p>"          }        ]      }    },    "version": "0.0.0",    "filename": "server/dao/recommendDao.js",    "groupTitle": "Recommends"  },  {    "type": "POST",    "url": "/recommends",    "title": "",    "name": "POST",    "group": "Recommends",    "parameter": {      "examples": [        {          "title": "Request Example",          "content": "POST /api/recommends/\n{\n   list: [\n     {\n     sort: 4,\n     name: \"产品名称\",\n     unique_id: 57,\n     image_url: \"/upload/images/d_3.png\",\n     type: \"unique\"\n     },\n     {\n     sort: 5,\n     name: \"产品名称\",\n     series_id: 57,\n     image_url: \"/upload/images/d_3.png\",\n     type: \"series\"\n     },\n   ]\n}",          "type": "json"        }      ]    },    "version": "0.0.0",    "filename": "server/dao/recommendDao.js",    "groupTitle": "Recommends"  },  {    "type": "GET, PUT, DELETE",    "url": "/series/[:id]",    "title": "",    "name": "Get_Update_Delete",    "group": "Series",    "parameter": {      "fields": {        "Parameter": [          {            "group": "Parameter",            "type": "Number",            "optional": false,            "field": "id",            "description": "<p>series unique ID.</p>"          }        ]      }    },    "version": "0.0.0",    "filename": "server/dao/seriesDao.js",    "groupTitle": "Series"  },  {    "type": "POST",    "url": "/series",    "title": "",    "name": "POST",    "group": "Series",    "parameter": {      "examples": [        {          "title": "Request Example",          "content": "POST /api/series/\n{\n    name: \"test\",\n    en_name: \"test\",\n    image_url: \"/upload/images/bg_s_r.png\"\n}",          "type": "json"        }      ]    },    "version": "0.0.0",    "filename": "server/dao/seriesDao.js",    "groupTitle": "Series"  },  {    "type": "GET, PUT, DELETE",    "url": "/unique/[:id]",    "title": "",    "name": "Get_Update_Delete",    "group": "Unique",    "parameter": {      "fields": {        "Parameter": [          {            "group": "Parameter",            "type": "Number",            "optional": false,            "field": "id",            "description": "<p>unique unique ID.</p>"          }        ]      }    },    "version": "0.0.0",    "filename": "server/dao/uniqueDao.js",    "groupTitle": "Unique"  },  {    "type": "POST",    "url": "/recommends",    "title": "",    "name": "POST",    "group": "Unique",    "parameter": {      "examples": [        {          "title": "Request Example",          "content": "POST /api/unique/\n{\n   list: [\n     {product_id: 65, sort: 3},\n     {product_id: 67, sort: 4},\n   ]\n}",          "type": "json"        }      ]    },    "version": "0.0.0",    "filename": "server/dao/uniqueDao.js",    "groupTitle": "Unique"  }]
